{"cameraMode":{"drawMode":0,"name":"Shaded","section":"Shading Mode"},"sceneLighting":true,"audioPlay":false,"sceneViewState":{"showFog":true,"showMaterialUpdate":true,"showSkybox":true,"showFlares":true,"showImageEffects":true,"showParticleSystems":true},"in2DMode":false,"pivot":{"x":-26.585208892822267,"y":-11.728670120239258,"z":-20.546865463256837},"rotation":{"x":-0.10663559287786484,"y":0.7583339810371399,"z":-0.12548702955245973,"w":-0.6317078471183777},"size":23.30837059020996,"orthographic":false}