{"cameraMode":{"drawMode":0,"name":"Shaded","section":"Shading Mode"},"sceneLighting":false,"audioPlay":false,"sceneViewState":{"showFog":true,"showMaterialUpdate":true,"showSkybox":false,"showFlares":true,"showImageEffects":true,"showParticleSystems":true},"in2DMode":false,"pivot":{"x":0.2537347674369812,"y":0.7499999403953552,"z":1.0},"rotation":{"x":-0.01056641060858965,"y":-0.9872124195098877,"z":-0.06935841590166092,"w":0.14605706930160523},"size":4.237811088562012,"orthographic":false}