{"cameraMode":{"drawMode":0,"name":"Shaded","section":"Shading Mode"},"sceneLighting":false,"audioPlay":false,"sceneViewState":{"showFog":true,"showMaterialUpdate":true,"showSkybox":false,"showFlares":true,"showImageEffects":true,"showParticleSystems":true},"in2DMode":false,"pivot":{"x":0.0,"y":0.13320939242839814,"z":0.006014436483383179},"rotation":{"x":0.010366800241172314,"y":-0.9839475750923157,"z":0.060895200818777087,"w":0.1674913763999939},"size":0.9171421527862549,"orthographic":false}