{"cameraMode":{"drawMode":0,"name":"Shaded","section":"Shading Mode"},"sceneLighting":true,"audioPlay":false,"sceneViewState":{"showFog":true,"showMaterialUpdate":true,"showSkybox":true,"showFlares":true,"showImageEffects":true,"showParticleSystems":true},"in2DMode":false,"pivot":{"x":1.7699999809265137,"y":2.2899999618530275,"z":-9.1899995803833},"rotation":{"x":0.3855036795139313,"y":-0.5282801985740662,"z":0.2875710725784302,"w":0.7008000612258911},"size":12.660858154296875,"orthographic":false}