{"cameraMode":{"drawMode":0,"name":"Shaded","section":"Shading Mode"},"sceneLighting":false,"audioPlay":false,"sceneViewState":{"showFog":true,"showMaterialUpdate":true,"showSkybox":false,"showFlares":true,"showImageEffects":true,"showParticleSystems":true},"in2DMode":false,"pivot":{"x":-2.6540822982788088,"y":4.679913520812988,"z":4.5301079750061039},"rotation":{"x":-0.182551771402359,"y":-0.4866057336330414,"z":0.10446278005838394,"w":-0.8484479188919067},"size":49.40025329589844,"orthographic":false}