{"cameraMode":{"drawMode":0,"name":"Shaded","section":"Shading Mode"},"sceneLighting":true,"audioPlay":false,"sceneViewState":{"showFog":true,"showMaterialUpdate":true,"showSkybox":true,"showFlares":true,"showImageEffects":true,"showParticleSystems":true},"in2DMode":false,"pivot":{"x":-0.6299999952316284,"y":-5.96999979019165,"z":-5.809999942779541},"rotation":{"x":-0.11357329040765763,"y":0.8809863924980164,"z":-0.2684818208217621,"w":-0.3726826608181},"size":5.472431182861328,"orthographic":false}