{"cameraMode":{"drawMode":0,"name":"Shaded","section":"Shading Mode"},"sceneLighting":true,"audioPlay":false,"sceneViewState":{"showFog":true,"showMaterialUpdate":true,"showSkybox":true,"showFlares":true,"showImageEffects":true,"showParticleSystems":true},"in2DMode":false,"pivot":{"x":-1.9271049499511719,"y":-2.918733596801758,"z":-8.050956726074219},"rotation":{"x":-0.11357329040765763,"y":0.8809863924980164,"z":-0.2684818208217621,"w":-0.3726826608181},"size":21.858373641967775,"orthographic":false}