{"cameraMode":{"drawMode":0,"name":"Shaded","section":"Shading Mode"},"sceneLighting":false,"audioPlay":false,"sceneViewState":{"showFog":true,"showMaterialUpdate":true,"showSkybox":false,"showFlares":true,"showImageEffects":true,"showParticleSystems":true},"in2DMode":false,"pivot":{"x":0.013796508312225342,"y":0.43999987840652468,"z":0.7843530178070068},"rotation":{"x":0.30426719784736636,"y":0.04242454841732979,"z":-0.015209757722914219,"w":0.9523352980613709},"size":3.389944314956665,"orthographic":false}