{"cameraMode":{"drawMode":0,"name":"Shaded","section":"Shading Mode"},"sceneLighting":true,"audioPlay":false,"sceneViewState":{"showFog":true,"showMaterialUpdate":true,"showSkybox":true,"showFlares":true,"showImageEffects":true,"showParticleSystems":true},"in2DMode":false,"pivot":{"x":5.832142353057861,"y":7.574967861175537,"z":-2.5342471599578859},"rotation":{"x":-0.05747468024492264,"y":0.9395713806152344,"z":-0.2740556001663208,"w":-0.1970205456018448},"size":6.733592510223389,"orthographic":false}