{"cameraMode":{"drawMode":0,"name":"Shaded","section":"Shading Mode"},"sceneLighting":true,"audioPlay":false,"sceneViewState":{"showFog":true,"showMaterialUpdate":true,"showSkybox":true,"showFlares":true,"showImageEffects":true,"showParticleSystems":true},"in2DMode":false,"pivot":{"x":-10.32951545715332,"y":-5.512181758880615,"z":-22.499771118164064},"rotation":{"x":-0.06494084000587464,"y":0.920325756072998,"z":-0.17347738146781922,"w":-0.34452176094055178},"size":31.178892135620118,"orthographic":false}