{"cameraMode":{"drawMode":0,"name":"Shaded","section":"Shading Mode"},"sceneLighting":true,"audioPlay":false,"sceneViewState":{"showFog":true,"showMaterialUpdate":true,"showSkybox":true,"showFlares":true,"showImageEffects":true,"showParticleSystems":true},"in2DMode":false,"pivot":{"x":-0.6299999952316284,"y":-5.96999979019165,"z":-5.809999942779541},"rotation":{"x":0.27785372734069826,"y":0.4313550889492035,"z":-0.14100825786590577,"w":0.8468649983406067},"size":5.472431182861328,"orthographic":false}