{"cameraMode":{"drawMode":0,"name":"Shaded","section":"Shading Mode"},"sceneLighting":false,"audioPlay":false,"sceneViewState":{"showFog":true,"showMaterialUpdate":true,"showSkybox":false,"showFlares":true,"showImageEffects":true,"showParticleSystems":true},"in2DMode":false,"pivot":{"x":0.0018797516822814942,"y":0.21266597509384156,"z":0.06112349033355713},"rotation":{"x":-0.032127104699611667,"y":0.8980438709259033,"z":-0.06641105562448502,"w":-0.4345511198043823},"size":1.0402257442474366,"orthographic":false}